DEC alternative conversion factor (LCU per US$),Fertility rate, total (births per woman),GDP (constant LCU),GDP (current LCU),GDP (current US$),GDP at market prices (constant 2010 US$),GDP deflator (base year varies by country),GDP growth (annual %),GDP per capita (current LCU),GDP per capita (current US$),GDP per capita, PPP (constant 2011 international $),GDP per capita, PPP (current international $),GDP, PPP (constant 2011 international $),GDP, PPP (current international $),GNI (current LCU),GNI per capita (current LCU),GNI per capita, Atlas method (current US$),GNI per capita, PPP (current international $),General government total expenditure (current LCU),Life expectancy at birth, total (years),Mortality rate, infant (per 1,000 live births),Official exchange rate (LCU per US$, period average),PPP conversion factor, GDP (LCU per international $),PPP conversion factor, private consumption (LCU per international $),Population aged 14 years or younger (thousands),Population aged 15-24 years (thousands),Population aged 25-64 years (thousands) ,Population aged 65 years or older (thousands),Population growth (annual %),Poverty headcount ratio at $3.20 a day (PPP) (% of population),Prevalence of HIV, total (% of population ages 15-49),Price level ratio of PPP conversion factor (GDP) to market exchange rate,Rural population (% of total population),Total debt service (% of GNI),Total population (thousands),
ABW,1.8,1.9,NaN,NaN,NaN,NaN,NaN,NaN,NaN,NaN,NaN,NaN,NaN,NaN,NaN,NaN,NaN,NaN,NaN,76,NaN,1.8,NaN,1.5,19,15,58,14,0.5,NaN,NaN,NaN,57,NaN,106,
AFG,72.3,4.5,515529924900,1409469231300,19484384937,21126660586,273.4,1.8,37917,524,2190,2242,81416458657,83337636266,1423266614000,38288,550,2260,384176000000,64,48,72.1,16.91,17.1,16017,8071,12122,961,2.4,NaN,0.1,0.2,75,0.3,37172,
AGO,252.9,5.5,1554831956300,25627742117300,101353230785,99635905543,1648.3,-2,831806,3290,6934,7097,213619771611,218660540133,23647996403200,767549,3210,6550,5273865000000,61,52,252.9,117.2,125.9,14422,5958,9747,683,3.3,73.2,1.9,0.5,34,9.2,30810,
AIA,NaN,NaN,NaN,791127791,NaN,NaN,NaN,NaN,53705,NaN,NaN,NaN,NaN,NaN,NaN,NaN,NaN,NaN,NaN,NaN,NaN,2.7,NaN,NaN,3,2,8,1,NaN,NaN,NaN,NaN,NaN,NaN,15,
ALB,108,1.6,1511909900000,1635714630000,15147020535,14546448944,108.2,4.1,570656,5284,13601,13834,38986449579,39653392851,1633858412500,570008,4860,13820,471407000000,78,9,108,41.25,51.3,509,458,1519,396,-0.2,NaN,0.1,0.4,40,7.2,2883,
AND,0.8,NaN,2621620000,2725270000,3218316013,3475566751,104,1.6,35390,41793,NaN,NaN,NaN,NaN,NaN,NaN,NaN,NaN,657275685,NaN,3,NaN,NaN,NaN,NaN,NaN,NaN,NaN,,NaN,NaN,NaN,12,NaN,NaN,
ARE,3.7,1.4,1461737003117,1550584747566,422215043585,398022328963,106.1,1.2,161000,43839,66968,68549,644968661273,660187934758,1555814747566,161543,41470,68780,447658000000,78,7,3.7,2.35,2.9,1406,1161,6959,104,1.5,NaN,NaN,0.6,13,NaN,9631,
ARG,28.1,2.3,707329642300,14605790349000,519871519808,446880911358,2064.9,-2.5,328261,11684,22746,23283,1012067661427,1035949340413,14082458184600,316499,12390,22450,5742987000000,77,9,28.1,14.1,14.2,10984,7017,21428,4932,1,3.9,0.4,0.5,8,6.9,44361,
ARM,483,1.8,5339485715468,6017035200000,12457941907,13007610290,112.7,5.2,2038446,4220,12715,13015,37531708419,38417341116,6094874094700,2064816,4230,13180,1447083000000,75,11,483,156.62,167.4,609,367,1644,332,0.2,9.4,0.2,0.3,37,13.2,2952,
ASM,1,NaN,608000000,636000000,636000000,514255507,104.6,2.2,11467,11467,NaN,NaN,NaN,NaN,NaN,NaN,NaN,NaN,NaN,NaN,NaN,NaN,NaN,NaN,17,11,25,3,-0.3,NaN,NaN,NaN,13,NaN,55,
ATG,2.7,2,3516470000,4348550000,1610574074,1457277456,123.7,7.4,45163,16727,21116,21614,2033155752,2081131964,4125488200,42846,15890,20510,996000000,77,6,2.7,2.09,2.4,21,15,52,8,0.9,NaN,NaN,0.8,75,NaN,96,
AUS,1.3,1.7,1849880000000,1849880000000,1433904348500,1420623874172,100,2.9,74046,57396,49576,51036,1238541268895,1275026604984,1792113000000,71734,53250,49440,700439000000,83,3,1.3,1.45,1.5,4778,3118,13103,3898,1.5,NaN,0.1,1.1,14,NaN,24898,
AUT,0.8,1.5,368856790000,385711940000,455508255028,442527642505,104.6,2.4,43630,51525,55687,56871,492303766235,502771138676,384653300000,43510,49400,56720,187648000000,82,3,NaN,0.77,0.8,1271,983,4948,1690,0.5,NaN,NaN,0.9,42,NaN,8891,
AZE,1.7,1.7,29183700000,80092000000,47112941176,57657780569,274.4,1.5,8058,4740,14210,14545,141240661085,144573505574,75910698500,7637,4060,13790,26538000000,73,19,1.7,0.55,0.5,2325,1442,5566,616,0.9,NaN,0.1,0.3,44,6,9950,
BDI,1782.9,5.4,1748034284900,5414485000000,3036931818,2355816908,309.7,1.6,484501,272,762,779,8510320717,8711138069,5425363500000,485475,280,780,1463185000000,61,41,1782.9,621.56,620.8,5085,2157,3683,251,3.2,NaN,1.1,0.3,87,1,11175,
BEL,0.8,1.6,437322600000,459531600000,542685915417,538401092627,105.1,1.5,40214,47491,51246,52250,585590766129,597058697423,462773500000,40498,45940,52620,240045000000,82,3,NaN,0.77,0.8,1958,1306,6061,2157,0.5,NaN,NaN,0.9,2,NaN,11482,
BEN,555.4,4.8,7844677000000,7915660272294,14250985959,13912028869,100.9,6.7,689214,1241,3161,3235,36301676625,37158284361,7835110000000,682201,1200,3200,1311428000000,61,60,555.4,213.03,216.1,4875,2279,3957,374,2.7,NaN,1,0.4,53,1.6,11485,
BFA,555.4,5.2,8405115737400,8997919264200,16199434625,15812355335,107.1,6.8,455555,820,2132,2182,42101342974,43094804969,8730959404200,442040,760,2120,2137705000000,61,55,555.4,208.79,198.8,8878,3960,6438,475,2.9,NaN,0.8,0.4,71,0.9,19751,
BGD,82.1,2,10224374000000,22504793000000,274039092455,194146210563,220.1,7.9,139473,1698,4441,4546,716650504462,733561248619,23531076000000,145833,1750,4750,3218610000000,72,27,83.5,30.68,30.4,44711,30778,77563,8324,1.1,NaN,NaN,0.4,63,1,161377,
BGR,1.7,1.6,98950220000,109694805000,66200847918,60911255558,110.9,3.1,15615,9424,22181,22601,155825835813,158775695748,110713268000,15760,8910,22810,37730000000,75,6,1.7,0.69,0.8,1029,629,3911,1482,-0.7,NaN,0.1,0.4,25,10.2,7052,
BHR,0.4,2,12674430000,14157340000,37652500000,33708590426,111.7,2,9021,23991,46242,47333,72574492642,74287027092,13376740000,8523,21900,44720,4784000000,77,6,0.4,0.19,0.2,302,192,1037,38,4.9,NaN,NaN,0.5,11,NaN,1569,
BHS,1,1.8,10763340000,12424500000,12424500000,10513014753,115.4,1.6,32218,32218,35501,36338,13690429864,14013481834,11742247200,30449,30520,34340,2457000000,74,11,1,0.89,1.1,87,66,205,28,1,NaN,NaN,0.9,17,NaN,386,
BIH,1.7,1.3,31232141900,33444057000,20183498491,20066891828,107.1,3.7,10062,6072,14420,14932,47929841187,49634148336,33347527000,10033,5740,14890,13802000000,77,5,1.7,0.67,0.8,491,403,1883,547,-0.8,NaN,NaN,0.4,52,5.1,3324,
BLM,NaN,NaN,NaN,NaN,NaN,NaN,NaN,NaN,NaN,NaN,NaN,NaN,NaN,NaN,NaN,NaN,NaN,NaN,NaN,NaN,NaN,NaN,NaN,NaN,2,1,5,1,NaN,NaN,NaN,NaN,NaN,NaN,10,
BLR,2,1.4,79887300000,122319700000,60031262269,62461148027,153.1,3.1,12898,6330,18885,19331,179098111979,183324275683,117948545400,12437,5700,18640,46291000000,74,3,2,0.67,0.6,1594,927,5528,1403,-0.2,,0.4,0.3,21,10,9453,
BLZ,2,2.3,2813700000,3742400000,1871200000,1615604603,133,2.1,9769,4885,7119,7287,2727119315,2791470929,3380520200,8825,4450,6580,1238000000,74,11,2,1.34,NaN,116,78,171,18,1.9,NaN,NaN,0.7,54,6.7,383,
BMU,NaN,1.6,NaN,6351400000,NaN,NaN,NaN,NaN,101208,NaN,NaN,NaN,NaN,NaN,NaN,NaN,NaN,NaN,1154772124,82,NaN,1,NaN,NaN,9,7,33,13,0.1,NaN,NaN,NaN,,NaN,63,
BOL,6.9,2.7,48188730000,278387647000,40287647902,29058494825,577.7,4.2,24521,3549,8656,8860,98267459884,100586269210,271671210063,23929,3370,8650,103267000000,71,22,6.9,2.77,2.6,3528,2161,4848,817,1.4,10.5,0.2,0.4,31,2.6,11353,
BRA,3.7,1.7,4082855848500,6889176083600,1885482534238,2320859395464,168.7,1.3,32889,9001,14596,14941,3057465947938,3129612725335,6694385578300,31959,9080,14520,2623979000000,76,13,3.7,2.2,2.4,44688,33923,112168,18691,0.8,9.1,0.5,0.6,13,5.2,209469,
BRB,2,1.6,9251000000,10173000000,5086500000,4625500000,110,-0.6,35490,17745,15675,16045,4493054574,4599076821,9712206200,33883,16700,15320,3024000000,79,12,2,2.21,2.4,50,38,154,45,0.1,NaN,0.8,1.1,69,NaN,287,
BRN,1.3,1.8,18387100000,18301000000,13567351175,13485221856,99.5,0.1,42663,31628,60389,61814,25904544646,26515812097,18414100000,42927,29390,62200,5885000000,76,9,1.3,0.69,0.7,99,70,240,21,1.1,NaN,NaN,0.5,22,NaN,429,
BTN,68.4,2,68015792500,167326818500,2446674102,2359745114,246,3,221803,3243,11345,11613,8558935579,8760900092,152268238500,201842,2970,10570,56334000000,71,25,68.4,19.1,20.5,194,148,366,45,1.2,NaN,NaN,0.3,59,3.9,754,
BWA,10.2,2.9,96533000000,190365300000,18663264706,18106670986,197.2,4.5,84452,8280,17634,18050,39749578669,40687546271,175928728100,78047,7410,16680,62351000000,69,32,10.2,4.68,5,769,415,975,95,2.2,NaN,21.1,0.5,31,1.1,2254,
CAF,555.4,4.7,740656000000,1233635000000,2220978978,1770260151,166.6,3.8,264367,476,933,955,4354240946,4456987618,1325709299800,284098,490,1030,222833000000,53,83,555.4,276.79,NaN,2067,1010,1458,132,1.5,NaN,3.6,0.5,59,1.1,4666,
CAN,1.3,1.5,2115882957200,2223856000000,1716262621082,1907592951556,105.1,2,60011,46313,48924,50078,1813028887754,1855771204644,2195147000000,59236,45000,49430,912832000000,82,4,1.3,1.2,1.3,5884,4487,20315,6389,1.4,NaN,NaN,0.9,19,NaN,37075,
CHE,1,1.5,696139790100,689545260000,705140620047,674632542773,99.1,2.8,80986,82818,68479,69357,583056483692,590532454887,697237923824,81890,84430,70130,225422000000,84,4,1,1.17,1.3,1271,924,4742,1588,0.7,NaN,0.2,1.2,26,NaN,8526,
CHL,641.3,1.6,153570668110240,191265952072200,298258019275,283029361451,124.5,3.9,10212201,15925,24259,24765,454344134342,463832041067,183040776784420,9773037,14620,23700,48494448000000,80,6,641.3,412.36,487.4,3700,2741,10129,2159,1.4,NaN,0.5,0.6,12,NaN,18729,
CHN,6.6,1.7,84030897173541,91928110000000,13894817110036,10872977784497,109.4,6.8,66006,9977,15243,15603,21229728486930,21730684677909,91588730000000,65762,9620,15550,30153737000000,77,7,6.6,4.23,4.1,255221,173434,843081,155912,0.5,NaN,NaN,0.6,41,1.7,1427648,
CIV,555.4,4.6,33284621932400,32063000000000,57724731365,41776171852,96.3,6.8,1278978,2303,5029,5148,126071148861,129046039594,30999000000000,1236536,2180,4980,5708216000000,57,61,555.4,248.46,242.1,10513,5180,8660,717,2.6,NaN,2.5,0.4,49,3,25069,
CMR,555.4,4.6,16263900000000,21492500000000,38694095651,37879022253,132.1,4.1,852328,1534,3604,3689,90867942646,93012146160,21037500000000,834284,1440,3610,3986067000000,59,52,555.4,231.07,233.7,10750,4993,8785,688,2.6,NaN,3.2,0.4,44,2.8,25216,
COD,1622.5,5.9,12128808595600,75984953276400,46831342213,35223589533,626.5,5.8,903850,557,1086,1112,91289010441,93443149858,73905486312300,879115,500,1080,8520737000000,60,68,1622.5,813.17,NaN,38811,15976,26745,2537,3.2,NaN,0.8,0.5,56,0.8,84068,
COG,555.4,4.4,1631100814400,6478005977800,11662700148,14186866197,397.2,1.6,1235232,2224,3414,3495,17906437141,18328973894,5730984815600,1092789,1680,3090,1459596000000,64,36,555.4,353.43,282.4,2190,979,1934,141,2.6,NaN,3.1,0.6,33,3.8,5244,
COK,NaN,NaN,NaN,524215273,NaN,NaN,NaN,NaN,29924,NaN,NaN,NaN,NaN,NaN,NaN,NaN,NaN,NaN,274230950,NaN,NaN,1.4,NaN,NaN,4,3,9,2,NaN,NaN,NaN,NaN,NaN,NaN,18,
COL,2955.7,1.8,853600000000000,985931000000000,333568926393,382113379426,115.5,2.5,19858149,6719,14456,14966,717700988115,743037024276,960980000000000,19355598,6260,14590,342347561000000,77,12,2955.7,1326.89,1461.7,11461,8715,25275,4210,1.5,11.1,0.5,0.4,19,7.5,49661,
COM,416.6,4.2,409169000000,490958000000,1178530758,1167531658,120,3.4,589865,1416,3067,3139,2552596610,2612830027,493799000000,593279,1380,3160,73239000000,64,50,416.6,187.9,NaN,329,163,315,25,2.2,NaN,0.1,0.5,71,0.5,832,
CPV,93.4,2.3,159239553300,183697948800,1966983316,2033690797,115.4,4.5,337825,3617,6864,7026,3732496854,3820572282,179369527400,329865,3400,6860,56726000000,73,14,93.4,48.08,47.1,156,98,264,25,1.2,NaN,0.6,0.5,34,2.9,544,
CRI,577,1.8,28499535297500,34937935887100,60553901420,49677368087,122.6,2.7,6988368,12112,19427,19873,97122407363,99354588664,33041143800000,6608968,11590,18790,9346417528340,80,8,577,351.65,376.1,1066,788,2668,477,1,3.7,0.4,0.6,21,6,4999,
CUB,1,1.6,57025000000,100023000000,100023000000,77290916753,175.4,2.2,8822,8822,NaN,NaN,NaN,NaN,NaN,NaN,NaN,NaN,NaN,79,4,NaN,NaN,NaN,1838,1386,6393,1722,NaN,NaN,0.4,NaN,23,NaN,11338,
CUW,1.8,1.7,3815344200,5598955400,3127908045,NaN,146.7,-2.2,35037,19574,24982,25572,3992146786,4086349152,5662305400,35434,19610,25860,NaN,NaN,NaN,1.8,1.37,1.5,31,20,84,27,-0.2,NaN,NaN,0.8,11,NaN,163,
CYM,0.8,NaN,4304400000,4571000000,5485419417,4993498121,106.2,3.3,71228,85477,70810,72481,4544136436,4651364057,NaN,NaN,NaN,NaN,NaN,NaN,NaN,0.8,0.98,NaN,12,8,38,7,1.2,NaN,NaN,1.2,,NaN,64,
CYP,0.8,1.3,20677750000,21137818000,24961995749,27413165936,102.2,4.1,24294,28690,38822,39737,33778207944,34574175051,20393418000,23439,26620,38340,9183000000,81,2,NaN,0.61,0.7,200,171,656,163,0.8,NaN,NaN,0.7,33,NaN,1189,
CZE,21.7,1.7,5053179365000,5323556000000,244987409831,247934915499,105.4,2.8,500808,23047,39453,40389,419380082111,429335963330,5031932000000,473374,20230,38180,2195861000000,79,3,21.7,12.4,13.9,1662,978,5954,2071,0.3,NaN,NaN,0.6,26,NaN,10666,
DEU,0.8,1.6,3222479450000,3344370000000,3949548833953,3937238459204,103.8,1.5,40339,47639,53660,54457,4448723374458,4514794305293,3437908000000,41468,47150,55980,1492201000000,81,3,NaN,0.74,0.8,11322,8702,45260,17840,0.3,NaN,NaN,0.9,23,NaN,83124,
DJI,177.7,2.7,510136831500,535438443200,3012820410,NaN,105,8.4,558377,3142,5214,5337,4999893743,5117875833,553371005200,577077,3260,5520,138829000000,67,50,177.7,104.62,102.4,284,180,452,43,1.6,NaN,0.9,0.6,22,14.4,959,
DMA,2.7,NaN,1159670000,1487410000,550892593,479482829,128.3,2.3,20767,7691,11533,11806,826079839,845572778,1490969200,20816,7710,11830,999000000,NaN,30,2.7,1.76,1.8,13,13,39,7,0.2,NaN,NaN,0.7,30,5.2,72,
DNK,6.3,1.7,2196565291300,2245954115000,355675329086,370302958452,102.2,2.4,387659,61391,56103,57218,325039328912,331502619456,2304285000000,397727,60920,58700,1144150000000,81,3,6.3,6.78,7.8,947,731,2935,1140,0.5,NaN,NaN,1.1,12,NaN,5752,
DOM,49.5,2.3,2500289853700,4235846766900,85555378043,81804960995,169.4,7,398587,8051,17712,18130,188225854771,192667405086,4045480844400,380674,7760,17310,691130000000,74,24,49.5,21.99,24.7,2973,1911,4990,753,1.1,2.6,1,0.4,19,3.8,10627,
DZA,116.6,3,6123565479992,20259100000000,173757952824,201195453898,330.8,1.4,479750,4115,11479,11750,484761181991,496200052508,19746087280000,467602,3960,11450,7732070000000,77,20,116.6,40.83,38.9,12731,6070,20740,2687,2,NaN,0.1,0.4,27,0.1,42228,
ECU,1,2.4,71870517000,107562008000,107562008000,88507202750,149.7,1.3,6296,6296,11562,11835,197525050991,202186033689,104732813610,6130,6090,11520,41412000000,77,12,1,0.53,0.6,4789,3092,7981,1223,1.8,9.7,0.4,0.5,36,8.7,17084,
EGY,17.7,3.3,3654400000000,4437400000000,250894760351,286148648494,121.4,5.3,45085,2549,11366,11635,1118715683485,1145113927246,4325998072300,43953,2800,11340,1335980000000,72,18,17.8,3.88,3.8,33266,16851,43159,5147,2,NaN,0.1,0.2,57,3.2,98424,
ERI,15.1,4.1,NaN,103343029205,NaN,NaN,NaN,NaN,29930,NaN,NaN,NaN,NaN,NaN,NaN,NaN,NaN,NaN,8275000000,66,31,15.1,NaN,NaN,1445,624,1228,155,NaN,NaN,0.6,NaN,NaN,NaN,3453,
ESH,NaN,NaN,NaN,NaN,NaN,NaN,NaN,NaN,NaN,NaN,NaN,NaN,NaN,NaN,NaN,NaN,NaN,NaN,NaN,NaN,NaN,NaN,NaN,NaN,157,97,296,17,NaN,NaN,NaN,NaN,NaN,NaN,567,
ESP,0.8,1.3,1169218000000,1202193000000,1419735245005,1539527998175,102.8,2.4,25689,30338,40329,40483,1887303716314,1894494241788,1204894000000,25747,29320,40570,501497000000,83,3,NaN,0.63,0.7,6848,4478,26319,9048,0.4,NaN,0.4,0.7,20,NaN,46693,
EST,0.8,1.7,23629174300,26035854000,30747159198,26372885187,110.2,4.8,19695,23258,35308,36358,46676477891,48064476468,25547500000,19325,21350,35680,10146000000,78,2,NaN,0.54,0.6,216,124,722,260,0.3,NaN,NaN,0.6,31,NaN,1323,
ETH,26.1,4.2,1835179678000,2200121000000,84269348327,62329193946,119.9,6.8,20143,772,2104,2153,229755278556,235176795335,2190270000000,20053,800,2140,354209000000,66,38,27.4,9.36,9.4,44545,23648,37207,3824,2.6,NaN,1,0.4,79,2,109224,
FIN,0.8,1.4,227494883700,233619228400,275893681356,269189270719,102.7,1.6,42357,50021,48191,49373,265799947802,272319030456,234439000000,42505,48300,49550,124739000000,82,2,NaN,0.86,0.9,892,624,2807,1200,0.1,NaN,NaN,1,15,NaN,5523,
FJI,2.1,2.8,10734642800,11557432100,5536759653,4236472838,107.7,3.5,13082,6267,13808,14134,12199191151,12487054480,10773157300,12194,5860,13170,3772000000,67,22,2.1,0.93,1,261,145,429,48,0.7,NaN,0.2,0.4,44,1.2,883,
FLK,NaN,NaN,NaN,NaN,NaN,NaN,NaN,NaN,NaN,NaN,NaN,NaN,NaN,NaN,NaN,NaN,NaN,NaN,NaN,NaN,NaN,NaN,NaN,NaN,1,,2,1,NaN,NaN,NaN,NaN,NaN,NaN,3,
FRA,0.8,1.9,2314201919200,2360687000000,2787863958885,2927751437252,102,1.8,35252,41631,45561,46605,3051034035043,3120958807400,2406070000000,35930,41080,47500,1314038000000,83,4,NaN,0.76,0.8,11670,7554,32746,13021,0.2,NaN,0.3,0.9,20,NaN,64991,
FRO,6.3,2.5,NaN,NaN,NaN,NaN,NaN,NaN,NaN,NaN,NaN,NaN,NaN,NaN,NaN,NaN,NaN,NaN,NaN,83,NaN,NaN,NaN,NaN,10,7,23,9,0.3,NaN,NaN,NaN,58,NaN,48,
FSM,1,3.1,251081200,401932300,401932300,307352260,160.1,0.2,3568,3568,3469,3550,390699547,399918853,412197400,3659,3400,3640,259000000,68,25,1,1.01,NaN,36,24,49,5,1.1,NaN,NaN,1,77,NaN,113,
GAB,555.4,4,5530919212500,9366095748800,16862282414,19182154180,169.3,0.8,4419481,7957,14743,15091,31245296783,31982589532,8751044250600,4129263,6830,14100,1600625000000,66,32,555.4,292.85,326.3,785,367,892,76,2.6,NaN,3.6,0.5,11,4.4,2119,
GBR,0.7,1.7,2017318670600,2144304000000,2860667727552,2879331250460,106.3,1.3,32264,43043,46310,46956,3077765396963,3120717081030,2111426000000,31770,41730,46240,831616000000,81,4,0.7,0.69,0.8,11869,7867,35054,12351,0.6,NaN,NaN,0.9,17,NaN,67142,
GEO,2.5,2.1,38395400000,44599400000,17599700091,17642889363,116.2,4.9,11968,4723,14257,14594,53129713418,54383410980,42864555100,11502,4460,14030,12125000000,74,9,2.5,0.82,0.9,792,471,2145,595,NaN,15.5,0.3,0.3,41,14.4,4003,
GHA,4.6,3.9,154547672700,300596054600,65556464048,53828671662,194.5,6.3,10098,2202,5194,5317,154623426741,158272063272,294698315700,9900,2130,5210,64480000000,64,35,4.6,1.9,1.8,11191,5792,11870,914,2.2,NaN,1.7,0.4,44,4.1,29767,
GIB,NaN,NaN,NaN,NaN,NaN,NaN,NaN,NaN,NaN,NaN,NaN,NaN,NaN,NaN,NaN,NaN,NaN,NaN,NaN,NaN,NaN,0.7,NaN,NaN,7,5,16,6,NaN,NaN,NaN,NaN,,NaN,34,
GIN,9011.1,4.7,63782389000000,110000000000000,12207116729,11138944837,172.5,6.2,8860736,983,2498,2557,31016250648,31748138613,103818360086600,8362792,850,2410,17131877000000,61,65,9011.1,3464.77,3445.6,5444,2657,3950,363,2.8,NaN,1.4,0.4,64,0.9,12414,
GLP,NaN,NaN,NaN,NaN,NaN,NaN,NaN,NaN,NaN,NaN,NaN,NaN,NaN,NaN,NaN,NaN,NaN,NaN,NaN,NaN,NaN,NaN,NaN,NaN,77,55,195,73,NaN,NaN,NaN,NaN,NaN,NaN,400,
GMB,48.4,5.2,57777816000,78622559700,1624600882,1793011214,136.1,6.5,34482,713,2144,2195,4889051833,5004418395,77216565100,33865,710,2160,17008000000,62,37,48.2,15.71,15.7,1009,463,749,59,2.9,NaN,1.9,0.3,39,3,2280,
GNB,555.7,4.5,501140084800,810323258900,1458156026,1165969815,161.7,3.8,432332,778,1949,1995,3653361063,3739569129,809181633800,431723,750,1990,168127000000,58,54,555.4,216.69,NaN,794,371,656,53,2.5,NaN,3.5,0.4,57,1,1874,
GNQ,555.4,4.5,5375527580790,7375490000000,13278488567,13265964945,137.2,-6.4,5634558,10144,20360,20840,26650507938,27279377824,5569450739978,4254822,6650,15740,1407902000000,58,62,555.4,270.37,301,486,245,546,32,3.7,NaN,7.1,0.5,28,NaN,1309,
GRC,0.8,1.4,183056492300,184713607200,218138367445,252723303641,100.9,1.9,17210,20324,29712,30354,318894552127,325789646050,183735656200,17119,19620,30190,86666000000,82,4,NaN,0.57,0.6,1481,1061,5702,2279,-0.2,NaN,NaN,0.7,21,NaN,10522,
GRD,2.7,2.1,2467760000,3155480000,1168696296,1013313190,127.9,4.1,28312,10486,16801,17198,1872561109,1916747783,2855228900,25618,9580,15560,705000000,72,15,2.7,1.65,1.8,26,17,57,11,0.5,NaN,NaN,0.6,64,5,111,
GRL,6.3,2,15537100000,19269800000,3051626390,2762593126,124,3.2,343962,54471,NaN,NaN,NaN,NaN,NaN,NaN,NaN,NaN,NaN,NaN,NaN,NaN,NaN,NaN,12,8,32,5,-0.3,NaN,NaN,NaN,13,NaN,57,
GTM,7.5,2.9,494253422000,549789977000,73118147808,54575068475,111.2,3.2,33633,4473,8448,8648,138106615717,141365506390,538362344967,32934,4390,8470,72711000000,74,21,7.5,3.89,4.5,5939,3655,6823,830,1.6,NaN,0.3,0.5,49,5.5,17248,
GUF,NaN,NaN,NaN,NaN,NaN,NaN,NaN,NaN,NaN,NaN,NaN,NaN,NaN,NaN,NaN,NaN,NaN,NaN,NaN,NaN,NaN,NaN,NaN,NaN,92,50,127,14,NaN,NaN,NaN,NaN,NaN,NaN,283,
GUM,1,2.3,5203000000,5920000000,5920000000,5217923581,113.8,-0.3,35713,35713,NaN,NaN,NaN,NaN,NaN,NaN,NaN,NaN,NaN,80,NaN,NaN,NaN,NaN,41,28,81,16,0.9,NaN,NaN,NaN,5,NaN,166,
GUY,207.7,2.5,470087500000,805663000000,3878662621,3109960225,171.4,4.1,1034222,4979,9312,9532,7254199489,7425376249,785106240900,1007833,4770,9290,276517000000,70,25,207.7,108.5,114.3,220,157,352,50,0.5,NaN,1.4,0.5,73,3.7,779,
HKG,7.8,1.1,2735484000000,2835131000000,361693053518,288385703206,103.6,2.9,380503,48543,61072,62513,455046898689,465784603659,2969946000000,398597,50060,65490,531825000000,85,NaN,7.8,6.09,6.2,877,710,4540,1244,0.8,NaN,NaN,0.8,,NaN,7372,
HND,23.9,2.5,214715900000,574243000000,24024189736,21278895971,267.4,3.7,59895,2506,5672,5806,54382853396,55666121201,528955189200,55171,2320,5350,150472000000,75,15,23.9,10.32,11,3043,2022,4073,450,1.7,30.6,0.3,0.4,43,4.6,9588,
HRV,6.3,1.5,372335000000,382965000000,60991399904,65019476935,102.9,2.7,93684,14920,27558,28039,112650887298,114617743866,377329074900,92305,14010,27630,177290000000,78,4,6.3,3.34,3.9,603,454,2250,850,-0.9,NaN,0.1,0.5,43,NaN,4156,
HTI,65.4,2.9,16277000900,631829108800,9658721170,8123218871,3881.7,1.5,56803,868,1767,1809,19656611006,20120446470,635292419300,57114,800,1820,119965000000,64,49,68,31.4,34.2,3698,2179,4696,551,1.3,NaN,1.9,0.5,45,0.2,11123,
HUN,270.2,1.6,38976483161400,42661805000000,157882912778,162628263154,109.5,5.1,4364127,16151,31073,31579,303755165843,308700187469,40952084000000,4189230,14760,30310,19910170000000,76,3,270.2,138.2,152.2,1399,1052,5396,1860,-0.1,NaN,NaN,0.5,29,NaN,9707,
IDN,14236.9,2.3,10425397300000000,14838311500000000,1042240309413,1146853725883,142.3,5.2,55436453,3894,11372,11640,3043743300087,3115566265269,14411829646231100,53843102,3850,11310,2467812529000000,72,21,14236.9,4762.64,5127.2,71070,45402,135521,15678,1.1,21.5,NaN,0.3,45,5.5,267671,
IMN,0.7,NaN,NaN,NaN,NaN,NaN,NaN,NaN,NaN,NaN,NaN,NaN,NaN,NaN,NaN,NaN,NaN,NaN,NaN,NaN,NaN,0.7,NaN,NaN,13,10,43,18,0.6,NaN,NaN,NaN,47,NaN,84,
IND,69.9,2.2,139814256807717,189712369000000,2713165057513,2822169439127,135.7,6.1,140256,2006,6497,6650,8787694409274,8995056925543,187689124299341,138760,2010,6580,50290201000000,69,30,68.4,21.09,19.9,365934,246377,656738,83593,1,NaN,NaN,0.3,66,2.4,1352642,
IRL,0.8,1.8,318772147200,324038189100,382674360766,373141461440,101.7,8.2,66574,78621,83471,84460,406277903673,411091813767,254183019400,52222,59640,66250,81941000000,82,3,NaN,0.79,1,1032,573,2546,668,1.2,NaN,0.2,0.9,37,NaN,4819,
IRN,42134.3,2.1,NaN,NaN,NaN,NaN,NaN,NaN,NaN,NaN,NaN,NaN,NaN,NaN,NaN,NaN,NaN,NaN,3296429290000000,76,12,40864.3,NaN,16064.6,20022,11383,45336,5059,1.4,NaN,0.1,NaN,25,NaN,81800,
IRQ,1182,3.7,201665434000000,265037508384900,224228010478,210525740791,131.4,-0.6,6895984,5834,10660,10912,409705733539,419373526692,262962964884900,6842007,5060,10830,84689000000000,70,22,1182.7,631.98,544.1,14753,7679,14724,1277,2.3,NaN,NaN,0.5,30,NaN,38434,
ISL,108.3,1.7,2654702877600,2787386003100,25737594325,18197812725,105,3.8,7902524,72969,56158,57742,19807934443,20366868989,2699450806463,7653218,67890,55920,1178174000000,83,2,108.3,136.86,153.7,67,45,175,50,2.7,NaN,NaN,1.3,6,NaN,337,
ISR,3.6,3.1,1297912110500,1330617673100,370587977154,308674441478,102.5,3.5,149797,41720,39543,40261,351254516801,357633413445,1331308678100,149875,40930,40280,527267000000,83,3,3.6,3.72,4.2,2341,1246,3791,1004,1.9,NaN,NaN,1,8,NaN,8382,
ITA,0.8,1.3,1718338300000,1766168200000,2085764300862,2140972140899,102.8,0.8,29231,34520,42198,42816,2549692125267,2587030339783,1785361200000,29548,33770,43280,857307000000,83,3,NaN,0.68,0.8,8081,5837,32915,13794,-0.2,NaN,0.2,0.8,30,NaN,60627,
JAM,128.9,2,892472000000,2025075000000,15713908816,14249490165,226.9,1.9,690009,5354,9738,9968,28579564152,29253953823,1932769805700,658557,4970,9510,604597000000,74,12,128.9,69.22,71.3,697,520,1460,258,0.5,NaN,1.4,0.5,44,8.3,2935,
JOR,0.7,2.8,28969800000,29984220000,42231295775,32523768920,103.5,1.9,3012,4242,9854,10086,98105807729,100420802562,29842620000,2997,4200,10040,9260000000,74,14,0.7,0.3,0.3,3413,1926,4243,383,1.8,NaN,NaN,0.4,9,5.4,9965,
JPN,110.4,1.4,547437340544500,547125500000000,4954806619995,6170335002842,99.9,0.3,4324108,39159,41074,41336,5197069415566,5230146551512,567075900000000,4481782,41150,42840,205213500000000,84,2,110.4,104.61,114,NaN,NaN,NaN,NaN,-0.2,NaN,NaN,0.9,8,NaN,NaN,
KAZ,344.7,2.8,14148293686400,61819536400000,179339994859,204067060295,436.9,4.1,3382461,9813,25544,26147,466859990810,477876448362,54214878334500,2966371,8070,22930,11650898000000,73,9,344.7,129.36,129.6,5214,2291,9460,1354,1.3,NaN,0.3,0.4,43,21.4,18320,
KEN,101.3,3.5,4792173500000,8892110900000,87778582964,61746972564,185.6,6.3,173022,1708,4204,4303,216046052697,221144073979,8745302100000,170165,1600,4230,2276310000000,66,33,101.3,40.21,42.5,20445,10609,19136,1202,2.3,NaN,4.7,0.4,73,3.2,51393,
KGZ,68.8,3.3,317031342211,569385600000,8271108638,6897338635,179.6,3.8,90053,1308,5133,5254,32455892922,33221752010,552106684700,87320,1220,5090,188237000000,71,17,68.8,17.14,19.2,2039,1035,2947,283,2,10.9,0.2,0.2,64,7,6304,
KHM,4051.2,2.5,52849994069616,99544274792400,24571753583,19542411046,188.4,7.5,6125878,1512,4159,4257,67588392994,69183270853,92833274792400,5712888,1380,3970,22924102000000,70,24,4051.2,1438.85,1489,5070,3080,7357,742,1.5,NaN,0.5,0.4,77,5.6,16250,
KIR,1.3,3.6,192670000,263314000,196737896,205942892,136.7,2.3,2273,1698,2259,2312,261692605,267867744,486588000,4200,3080,4270,361000000,68,41,1.3,0.98,NaN,41,21,49,5,1.5,NaN,NaN,0.7,46,NaN,116,
KNA,2.7,NaN,2070500000,2729200000,1010814815,888498303,131.8,2.9,52043,19275,25900,26511,1358212812,1390262450,2577924400,49159,18340,25040,1040000000,NaN,13,2.7,1.96,2.5,11,8,30,4,0.8,NaN,NaN,0.7,69,NaN,52,
KOR,1100.5,1,1807735900000000,1893497000000000,1720578827806,1449701970129,104.7,2.7,36690962,33340,41894,42136,2162013733880,2174501236497,1898452700000000,36786990,32610,42250,NaN,83,3,1100.5,870.77,989.7,6639,6164,30991,7378,0.5,NaN,NaN,0.8,19,NaN,51172,
KWT,0.3,2.1,39262900000,42474900000,140645364238,136995464061,108.2,1.2,10266,33994,50479,51670,208845693124,213773808102,49090730100,11865,34290,59720,20974000000,75,7,0.3,0.2,0.2,891,429,2712,106,2,NaN,NaN,0.7,,NaN,4137,
LAO,8489.2,2.7,123696000000000,152414000000000,17953786416,12608863058,123.2,6.2,21583778,2542,7593,7772,53616750150,54881940279,145301678000000,20576582,2450,7410,31865734000000,68,38,8401.3,2777.12,3121.5,2302,1403,3069,288,1.5,NaN,0.3,0.3,65,5.1,7062,
LBN,1507.5,2.1,64161720848300,82854123180400,54961275742,42561672205,129.1,-1.9,12097391,8025,15612,15980,106925500512,109448612924,82380733967500,12028272,7720,15890,26753601000000,79,6,1507.5,757.01,788.9,NaN,NaN,NaN,NaN,0.5,NaN,0.1,0.5,11,30.1,NaN,
LBR,1,4.3,1436000000,3264000000,3264000000,2608374062,227.3,1.2,677,677,1497,1532,7214030141,7384259029,2827000000,587,610,1330,1042000000,64,63,144.1,0.44,0.5,1982,950,1731,157,2.5,NaN,1.6,0.4,49,1.3,4819,
LBY,1.4,2.2,34178209800,71809768100,52607888718,53686164470,210.1,15.1,10752,7877,15018,15372,100298646255,102665385322,73056268100,10939,6800,15640,49274000000,73,10,1.4,0.7,NaN,1891,1093,3401,293,1.5,NaN,0.2,0.5,20,NaN,6679,
LCA,2.7,1.4,5577872300,5577862700,2065875074,1680175722,100,2.6,30666,11358,15261,15622,2775894339,2841396894,5243274200,28827,10640,14680,1293000000,76,20,2.7,1.96,2.1,34,31,99,18,0.5,NaN,NaN,0.7,81,2.5,182,
LIE,1,1.6,NaN,NaN,NaN,NaN,NaN,NaN,NaN,NaN,NaN,NaN,NaN,NaN,NaN,NaN,NaN,NaN,NaN,83,NaN,NaN,NaN,NaN,6,4,21,7,0.3,NaN,NaN,NaN,86,NaN,38,
LKA,162.5,2.2,9668599736795,14366103310000,88425889592,85514018430,148.6,3.3,662949,4081,12865,13168,278776019529,285354274779,13976502310000,644970,4040,12810,2693228000000,77,6,162.5,50.34,55.3,5137,3120,10749,2223,1,NaN,0.1,0.3,82,8.6,21229,
LSO,13.2,3.1,23554232441,34089100597,2575892261,2897934947,144.7,-0.5,16170,1222,2749,2813,5794293028,5931020494,38735390597,18374,1280,3200,17536000000,54,69,13.2,5.75,5.4,690,421,895,103,0.8,NaN,23.3,0.4,72,2.4,2108,
LTU,0.8,1.6,41355854400,45264376900,53455170034,49411522943,109.5,3.6,16157,19081,35390,35832,99146543699,100384504447,43810730800,15638,17380,34680,15089000000,76,3,NaN,0.45,0.5,417,299,1533,552,-1,NaN,0.2,0.5,32,NaN,2801,
LUX,0.8,1.4,57152595000,60053082000,70919958016,67301206244,105.1,3.1,98780,116654,114110,116786,69373157754,71000340500,38255600000,62926,70910,74400,25397000000,82,2,NaN,0.85,1,96,74,348,86,1.9,NaN,NaN,1,9,NaN,604,
LVA,0.8,1.6,26906242000,29056050000,34313873285,31252400402,108,4.3,15077,17805,29942,30645,57703458134,59057492337,28649476000,14866,16520,30220,11098000000,75,3,NaN,0.49,0.6,308,171,1063,387,-0.8,NaN,0.4,0.6,32,NaN,1928,
MAC,8.1,1.2,429497000000,444666000000,55084050790,37040163131,103.5,5.4,703991,87209,131908,135021,83317938863,85283985547,406020800000,642808,78640,123290,84683444000,84,NaN,8.1,5.21,6,86,66,413,66,1.4,NaN,NaN,0.6,,NaN,632,
MAF,NaN,1.8,NaN,NaN,NaN,NaN,NaN,NaN,NaN,NaN,NaN,NaN,NaN,NaN,NaN,NaN,NaN,NaN,NaN,80,NaN,NaN,NaN,NaN,10,5,19,3,1.9,NaN,NaN,NaN,NaN,NaN,37,
MAR,9.4,2.4,979508000000,1106822000000,117921394402,123009160840,113,3,30244,3222,7438,7613,272191799556,278614687499,1083552000000,29608,3090,7450,331116000000,76,19,9.4,3.97,4.3,9802,5895,17805,2527,1.3,NaN,0.1,0.4,38,3.4,36029,
MCO,0.8,NaN,5720647200,6087000000,7188238073,7584047726,106.4,6.1,157360,185829,NaN,NaN,NaN,NaN,NaN,NaN,NaN,NaN,1253700000,NaN,3,NaN,NaN,NaN,NaN,NaN,NaN,NaN,0.8,NaN,NaN,NaN,,NaN,NaN,
MDA,16.8,1.3,118068029053,192508553000,11457410264,9545247431,163,4.3,71140,4234,12373,12665,33482047410,34272120582,201879819100,74603,3930,13280,59609000000,72,13,16.8,5.62,6.4,643,484,2461,465,-1.8,0.9,0.7,0.3,57,4.8,4052,
MDG,3334.1,4.1,21234800737900,46188508313800,13853433948,12871116512,217.5,4.6,1758734,528,1613,1651,42363944369,43363602948,44858370609100,1708086,510,1600,6585171000000,67,38,3334.8,1065.14,1020.8,10680,5409,9388,784,2.7,NaN,0.2,0.3,63,0.9,26262,
MDV,15.4,1.9,71025890100,81993827500,5327457150,4142753893,115.4,6.9,158996,10331,18509,18945,9544767008,9769994105,74418373818,144307,9140,17190,26116000000,79,7,15.4,8.39,9.5,104,89,304,19,3.8,NaN,NaN,0.5,60,9.1,516,
MEX,19.2,2.1,18551620000000,23491507000000,1220699479846,1312830960706,126.6,2.1,186159,9673,19992,20396,2522835275243,2573847595048,22888446960000,181380,9180,19870,6036851000000,75,13,19.2,9.13,10.3,33512,22126,61437,9116,1.1,6.5,NaN,0.5,20,4.9,126191,
MHL,1,NaN,201651800,221278000,221278000,179151564,109.7,3.6,3788,3788,3894,3986,227470586,232838191,282605100,4838,4860,5090,133000000,NaN,27,NaN,0.95,NaN,22,12,22,3,0.6,NaN,NaN,1,23,NaN,58,
MKD,52.1,1.5,451982000000,658053000000,12628854801,11336478398,145.6,2.7,315922,6063,15944,16517,33210582760,34405256698,630348176001,302622,5470,15820,200024000000,76,7,52.1,19.13,22.8,344,264,1191,285,,NaN,NaN,0.4,42,10.7,2083,
MLI,555.4,5.9,5172484738100,9538200000000,17172022684,14849275465,184.4,4.7,499966,900,2283,2337,43556296285,44584090696,9284939209300,486691,840,2270,1925539000000,59,62,555.4,213.94,201,9070,3714,5815,478,3,NaN,1.3,0.4,58,1.3,19078,
MLT,0.8,1.2,10512836266,12366312994,14603581712,13937208360,117.6,7.3,25517,30133,43064,43555,20870115454,21108159041,11329176899,23377,26350,39900,4535000000,82,6,NaN,0.59,0.6,63,49,238,89,3.5,NaN,NaN,0.7,5,NaN,439,
MMR,1381.9,2.2,89147341400000,105258500800000,76168043982,84491238202,118.1,6.8,1959815,1418,5029,5148,270109232998,276482978785,101529083530379,1890376,1370,4970,19514895000000,67,37,1429.8,380.71,406.7,14163,9748,26690,3107,0.6,NaN,0.8,0.3,69,1.1,53708,
MNE,0.8,1.7,2980807470,4663130000,5506766651,5130685605,156.4,5.1,7494,8850,20629,21236,12835648189,13213905651,4717687900,7582,8440,21480,2200000000,77,2,0.8,0.35,0.4,114,82,337,94,NaN,NaN,0.1,0.4,33,30.9,628,
MNG,2472.5,2.9,18115852233913,32411224148788,13108769496,13349296396,178.9,7.2,10223690,4135,11916,12197,37774864818,38666235256,29089260188889,9175821,3630,10950,9222943000000,70,14,2472.5,838.23,910.8,964,460,1617,129,1.8,5.2,0.1,0.3,32,66.1,3170,
MNP,1,NaN,1066000000,1323000000,1323000000,1056741935,124.1,-19.6,23259,23259,NaN,NaN,NaN,NaN,NaN,NaN,NaN,NaN,NaN,NaN,NaN,NaN,NaN,NaN,13,9,31,4,0.6,NaN,NaN,NaN,8,NaN,57,
MOZ,60.3,4.9,660376044700,887806187900,14717223207,17445070421,134.4,3.4,30099,499,1290,1320,38036311363,38933851135,869977813100,29495,460,1290,292006000000,60,56,60.3,22.8,22.3,13176,6004,9463,853,2.9,NaN,12.5,0.4,64,4.5,29496,
MRT,35.7,4.6,225063475300,251496754500,7049169771,7502643580,111.7,2.1,57115,1601,5042,5161,22203397805,22727329593,250124597100,56804,1580,5130,50634000000,65,51,35.7,11.07,12.5,1765,844,1656,138,2.8,NaN,0.2,0.3,46,5.5,4403,
MSR,NaN,NaN,NaN,171932787,NaN,NaN,NaN,NaN,34435,NaN,NaN,NaN,NaN,NaN,NaN,NaN,NaN,NaN,NaN,NaN,NaN,2.7,NaN,NaN,1,,3,1,NaN,NaN,NaN,NaN,NaN,NaN,5,
MTQ,NaN,NaN,NaN,NaN,NaN,NaN,NaN,NaN,NaN,NaN,NaN,NaN,NaN,NaN,NaN,NaN,NaN,NaN,NaN,NaN,NaN,NaN,NaN,NaN,61,47,191,77,NaN,NaN,NaN,NaN,NaN,NaN,376,
MUS,33.9,1.4,358261551200,481251000000,14181803715,13383363248,134.3,3.8,380344,11208,22208,22732,28100089010,28763164544,528577000000,417747,12040,24970,121604000000,74,14,33.9,16.73,18.1,225,193,703,145,0.1,NaN,1.2,0.5,59,NaN,1267,
MWI,732.3,4.2,1406409357128,5065765000000,6917301909,9345738574,360.2,3.2,279208,381,1043,1067,18914884288,19361217287,4945080610480,272557,350,1040,1393424000000,64,32,732.3,261.64,265.5,7965,3769,5929,480,2.6,NaN,9.2,0.4,83,1.2,18143,
MYS,4,2,1361533000000,1446914000000,358581943446,382129075415,106.3,4.7,45892,11373,27537,28187,868200075493,888686922656,1395328000000,44256,10590,27180,328898000000,76,7,4,1.63,1.7,7565,5626,16233,2103,1.4,NaN,0.4,0.4,24,NaN,31528,
MYT,NaN,NaN,NaN,NaN,NaN,NaN,NaN,NaN,NaN,NaN,NaN,NaN,NaN,NaN,NaN,NaN,NaN,NaN,NaN,NaN,NaN,NaN,NaN,NaN,104,50,95,10,NaN,NaN,NaN,NaN,NaN,NaN,260,
NAM,13.2,3.4,145436582200,178051684600,13454211124,14548454856,122.4,0.7,72726,5495,9932,10166,24316003292,24889786061,172575052700,70489,4900,9850,66023000000,63,31,13.2,7.15,7,904,487,968,89,1.9,NaN,11.7,0.5,50,NaN,2448,
NCL,NaN,2,NaN,NaN,NaN,NaN,NaN,NaN,NaN,NaN,NaN,NaN,NaN,NaN,NaN,NaN,NaN,NaN,NaN,77,NaN,101,NaN,NaN,64,44,146,26,1.3,NaN,NaN,NaN,29,NaN,280,
NER,555.2,6.9,6786255000000,7121376000000,12826750567,12299579202,104.9,7,317310,572,1196,1225,26852435533,27486070288,7014321030000,312540,540,1210,1505323000000,62,48,555.4,259.09,246.4,11218,4315,6327,582,3.8,NaN,0.2,0.5,84,1,22443,
NGA,324.2,5.4,70536348621700,129086907450900,398160403207,469309961687,183,1.9,659028,2033,5155,5277,1009748886412,1033575849451,123131696032800,628625,1970,5030,16549537000000,54,76,306.1,124.89,122.7,85924,37502,67068,5381,2.6,71,1.3,0.4,50,1.4,195875,
NIC,31.6,2.4,178780000000,412207000000,13063873078,12006820517,230.6,-4,63755,2021,5695,5829,36820293365,37689138858,402438126700,62244,2020,5690,80780900000,74,15,31.6,10.94,11.8,1953,1194,2979,339,1.3,NaN,0.2,0.3,41,8.4,6466,
NIU,NaN,NaN,NaN,NaN,NaN,NaN,NaN,NaN,NaN,NaN,NaN,NaN,NaN,NaN,NaN,NaN,NaN,NaN,NaN,NaN,NaN,NaN,NaN,NaN,,,1,,NaN,NaN,NaN,NaN,NaN,NaN,2,
NLD,0.8,1.6,744505272100,774039000000,914104847814,948100838892,104,2.6,44920,53048,56455,57565,972810044092,991941839767,781718000000,45365,51310,58140,319581000000,82,3,NaN,0.78,0.9,2748,2054,8983,3275,0.6,NaN,0.2,0.9,9,NaN,17060,
NOR,8.1,1.6,3259053000000,3530860000000,434166615432,489331167946,108.3,1.3,664706,81734,63333,67640,336418513061,359298961716,3681532000000,693070,80640,70530,1738497000000,83,2,8.1,9.83,10.7,937,678,2814,910,0.7,NaN,NaN,1.2,18,NaN,5338,
NPL,104.4,1.9,887816657494,3044927121985,29173513476,22969698990,343,6.7,108407,1039,3253,3329,91362635001,93518511731,3067542062632,109212,970,3350,967634000000,70,27,108.9,32.56,31,8545,6324,11617,1609,1.7,NaN,0.1,0.3,80,0.8,28096,
NRU,1.3,NaN,87000000,160000000,124021394,103452832,183.9,6.1,12594,9762,11487,11758,145931311,149374840,214600000,16892,12040,15770,155000000,NaN,26,1.3,1.07,NaN,4,2,5,,-1.3,NaN,NaN,0.8,,NaN,11,
NZL,1.4,1.7,282428928400,300499000000,207920613962,187654516440,106.4,3.8,62074,42950,42635,42811,206397090592,207247264396,284655000000,58801,41100,40550,108383000000,82,4,1.4,1.45,1.6,932,640,2428,742,1,NaN,0.1,1,13,NaN,4743,
OMN,0.4,2.9,29333500000,30481400000,79275422627,74216920784,103.9,1.8,6312,16415,28594,29269,138093417600,141351996838,28451400000,5891,14160,27320,13836000000,78,10,0.4,0.22,0.2,1074,635,3005,116,3.4,NaN,0.1,0.6,15,NaN,4829,
PAK,110,3.5,13133003000000,34616302000000,314567541558,254215069088,263.6,5.8,163119,1482,4740,4852,1005850179831,1029585145405,36462453000000,171818,1590,5110,7488322000000,67,57,121.8,33.62,34.1,74853,41935,86288,9153,2.1,NaN,0.1,0.3,63,1.8,212228,
PAN,1,2.5,41804300000,65128200000,65128200000,49099622329,155.8,3.7,15593,15593,31049,31782,129688478713,132748727286,60205907200,14414,14420,29380,14914000000,78,13,1,0.49,0.5,1130,692,2016,339,1.7,5.2,NaN,0.5,32,NaN,4177,
PER,3.3,2.3,534665000000,729773000000,222044970486,206444599748,136.5,4,22813,6941,12782,13084,408898708709,418547458561,693919000000,21692,6470,12440,158601000000,77,11,3.3,1.74,1.9,8250,5288,15863,2587,1.7,8.5,0.3,0.5,22,3.4,31989,
PHL,52.7,2.6,18265190258162,18265190258162,346841896890,340302643538,100,6.3,171260,3252,8516,8717,908257834445,929689921316,20212348916169,189517,3710,9650,3808374000000,71,22,52.7,19.65,19.9,33023,20338,47827,5463,1.4,NaN,0.1,0.4,53,2.3,106651,
PLW,1,NaN,277318200,283994900,283994900,219543819,102.4,1.7,15859,15859,18070,18496,323580178,331215674,299361900,16718,17280,19500,109000000,NaN,16,1,0.86,NaN,4,2,10,2,0.6,NaN,NaN,0.9,20,NaN,18,
PNG,3.3,3.6,63444058344,77099241137,23412495063,20814728548,121.5,-0.8,8958,2720,4236,4336,36455872872,37316119164,75066544537,8722,2570,4220,16134000000,64,37,3.3,2.07,2.8,3082,1689,3539,297,2,NaN,0.8,0.6,87,12.2,8606,
POL,3.6,1.5,1911419000000,2120480000000,587114101393,633906742281,110.9,5.3,55839,15461,31766,31834,1206293865286,1208903726913,2032957000000,53534,14150,30520,880356000000,78,4,3.6,1.75,1.9,5708,3949,21622,6643,NaN,NaN,NaN,0.5,40,NaN,37922,
PRI,1,1,9438700000,100979900000,100979900000,87377939487,1069.8,-4.7,31622,31622,34116,34921,108944796540,111515558118,67824700000,21239,21030,23460,24534000000,80,NaN,NaN,0.91,NaN,NaN,NaN,NaN,NaN,-4,NaN,NaN,0.9,6,NaN,NaN,
PRK,NaN,1.9,NaN,NaN,NaN,NaN,NaN,NaN,NaN,NaN,NaN,NaN,NaN,NaN,NaN,NaN,NaN,NaN,NaN,72,14,NaN,NaN,NaN,5162,3895,14108,2385,0.5,NaN,NaN,NaN,38,NaN,25550,
PRT,0.8,1.4,194775785500,204304761000,241274628877,247179377392,104.9,2.6,19867,23462,34013,34341,349784368911,353153783394,199269898000,19377,21990,33490,88599000000,81,3,NaN,0.58,0.7,1380,1075,5549,2252,-0.2,NaN,NaN,0.7,35,NaN,10256,
PRY,5732.1,2.4,209627759398300,231489277582300,40384691791,37420751807,110.4,3.4,33278740,5806,12850,13153,89385101984,91494315027,223687119000571,32157107,5620,12710,35683161000000,74,17,5732.1,2530.09,2578,2048,1346,3115,447,1.3,5.8,0.5,0.4,38,5.9,6956,
PSE,1,3.6,13810300000,14615900000,14615900000,12246606690,105.8,0.9,3199,3199,5662,5795,25868500266,26478917180,17009800000,3723,3710,6740,4408785331,74,17,NaN,0.55,0.6,1894,1007,1810,152,2.5,NaN,NaN,0.6,24,NaN,4863,
PYF,NaN,1.9,NaN,NaN,NaN,NaN,NaN,NaN,NaN,NaN,NaN,NaN,NaN,NaN,NaN,NaN,NaN,NaN,NaN,77,NaN,101,NaN,NaN,63,42,149,23,0.6,NaN,NaN,NaN,38,NaN,278,
QAT,3.6,1.9,820937000000,696558000000,191362087912,175970440575,84.8,1.5,250409,68794,94503,96733,262875961485,269079024348,682925000000,245508,61150,94840,192835000000,80,6,3.6,2.59,2.8,377,384,1983,38,2.1,NaN,NaN,0.7,1,NaN,2782,
REU,NaN,NaN,NaN,NaN,NaN,NaN,NaN,NaN,NaN,NaN,NaN,NaN,NaN,NaN,NaN,NaN,NaN,NaN,NaN,NaN,NaN,NaN,NaN,NaN,205,132,443,103,NaN,NaN,NaN,NaN,NaN,NaN,883,
ROU,3.9,1.8,447652500000,952396800000,241626953521,225618204479,212.8,4.4,48910,12409,28565,29214,556242287281,568867842525,934871719000,48010,11430,28680,304302000000,75,6,3.9,1.67,1.9,3030,2045,10854,3577,-0.6,NaN,0.1,0.4,46,NaN,19506,
RUS,62.7,1.6,89390425366250,104629600000000,1669583089323,1739125742082,117,2.5,712587,11371,26668,28764,3915637487520,4223363714785,102010518094550,694750,10250,28040,33880686000000,73,5,62.7,24.77,26.1,26107,13884,84357,21386,NaN,0.4,NaN,0.4,26,6.8,145734,
RWA,861.2,4,8353603000000,8291238000000,9627720630,10441891844,99.3,8.6,673978,783,2089,2138,25693415259,26299700706,8022286000000,652116,780,2070,2188897000000,69,27,861.1,315.26,285.8,4918,2409,4613,361,2.6,NaN,2.7,0.4,83,2.8,12302,
SAU,3.8,2.3,2631091082700,2949456868400,786521831573,701624288720,112.1,2.4,87521,23339,47597,48720,1604007207651,1641856836371,2976132311400,88313,21600,49160,1078750000000,75,6,3.8,1.8,1.7,8440,4763,19382,1117,1.8,NaN,NaN,0.5,16,NaN,33703,
SDN,38.2,4.4,32492000000,995603000000,26078607539,75749454779,3064.1,-2.3,23817,624,4161,4259,173919369088,178023330414,923602970400,22095,840,3950,229344000000,65,42,24.3,5.59,8.6,16933,8501,14870,1497,2.4,NaN,0.2,0.1,65,0.9,41802,
SEN,555.4,4.6,12635155492700,12906359000000,23236007428,24528196373,102.1,6.4,814057,1466,3315,3393,52553805637,53793913550,12572559000000,793003,1400,3310,2895737000000,68,34,555.4,239.92,234,6826,3108,5431,489,2.8,NaN,0.4,0.4,53,3.6,15854,
SGP,1.3,1.1,471819600000,503395200000,373217081851,333096256634,106.7,3.4,89275,66189,97745,100051,551152129659,564157622013,455068500000,80705,57900,90450,71253000000,83,2,1.3,0.89,1.1,707,723,3668,660,0.5,NaN,0.2,0.7,,NaN,5757,
SHN,NaN,NaN,NaN,NaN,NaN,NaN,NaN,NaN,NaN,NaN,NaN,NaN,NaN,NaN,NaN,NaN,NaN,NaN,NaN,NaN,NaN,NaN,NaN,NaN,1,1,3,1,NaN,NaN,NaN,NaN,NaN,NaN,6,
SLB,8,4.4,5260630100,11098576400,1395608475,967931664,211,3.9,17000,2138,2365,2421,1544142576,1580579584,10614895200,16259,2020,2320,4960000000,73,17,8,7.02,7.8,263,125,242,23,2.6,NaN,NaN,0.9,76,3,653,
SLE,7931.6,4.3,9699136000000,32401626000000,4085114794,3617187416,334.1,3.4,4235421,534,1663,1703,12724442956,13024700610,30128255378800,3938255,490,1580,6919961000000,54,83,7931.6,2487.71,2410.9,3141,1553,2729,227,2.1,76,1.6,0.3,58,1.5,7650,
SLV,1,2,24847180000,26117400000,26117400000,22518214612,105.1,2.4,4068,4068,8616,8819,55318408878,56623752911,24647230000,3839,3820,8320,6580000000,73,12,1,0.46,0.5,1742,1265,2882,532,0.5,7.9,0.5,0.5,28,14.5,6421,
SMR,0.8,NaN,1208000000,1387000000,1637931034,1687087572,114.8,1.2,41054,48481,59350,60750,2005138779,2052453878,NaN,NaN,NaN,NaN,344000000,NaN,2,0.8,0.68,NaN,5,3,19,7,0.3,NaN,NaN,0.8,3,NaN,34,
SOM,NaN,6.1,NaN,NaN,NaN,NaN,NaN,NaN,NaN,NaN,NaN,NaN,NaN,NaN,NaN,NaN,NaN,NaN,NaN,57,76,NaN,NaN,NaN,6990,3139,4448,431,2.8,NaN,0.1,NaN,55,NaN,15008,
SPM,NaN,NaN,NaN,NaN,NaN,NaN,NaN,NaN,NaN,NaN,NaN,NaN,NaN,NaN,NaN,NaN,NaN,NaN,NaN,NaN,NaN,NaN,NaN,NaN,1,1,3,1,NaN,NaN,NaN,NaN,NaN,NaN,6,
SRB,100.2,1.5,3737370700000,5068588500000,50597289147,48082123702,135.6,4.4,725888,7246,17355,17563,121183989509,122636628733,4810519868800,688929,6400,16670,2064093000000,76,5,100.2,41.33,48.9,1381,1061,4745,1615,-0.5,NaN,0.1,0.4,44,11.9,8803,
SSD,NaN,4.7,NaN,NaN,NaN,NaN,NaN,NaN,NaN,NaN,NaN,NaN,NaN,NaN,NaN,NaN,NaN,NaN,214755000000,58,62,141.4,NaN,NaN,4590,2220,3793,373,0.6,NaN,2.5,NaN,80,NaN,10976,
STP,20.8,4.3,4185796800,8763020700,422295934,273779007,209.4,2.7,41525,2001,3945,4038,832456490,852099898,8814257800,41768,1890,4060,2243000000,70,24,20.8,10.28,11.3,90,40,75,6,1.9,NaN,NaN,0.5,27,1.1,211,
SUR,7.5,2.4,9718000000,25806000000,3458090452,4667629712,265.5,2.6,44803,6004,16609,17001,9566874573,9792623341,22914429800,39783,5210,15100,7991000000,72,17,7.5,2.64,NaN,156,99,281,40,1,NaN,1.3,0.4,34,NaN,576,
SVK,0.8,1.5,87203667000,89605907000,105820499977,112062005121,102.8,3.9,16451,19428,32067,32575,174663563199,177427602034,88166350000,16187,18330,32050,37501000000,77,5,NaN,0.51,0.6,842,585,3173,852,0.1,NaN,NaN,0.6,46,NaN,5453,
SVN,0.8,1.6,43731757500,45754817900,54034358544,55340225435,104.6,4.1,22062,26055,38022,38749,78853700983,80361841190,45033520000,21714,24530,38140,19933000000,81,2,NaN,0.57,0.6,312,191,1168,407,0.4,NaN,NaN,0.7,45,NaN,2078,
SWE,8.7,1.8,4547336000000,4828306000000,555455371487,589259147923,106.2,2,474516,54589,53146,53747,540776614999,546885183364,4917794000000,483311,55620,54740,2356821000000,83,2,8.7,8.83,9.4,1753,1116,5098,2004,1.2,NaN,NaN,1,13,NaN,9972,
SWZ,13.2,3,41831719100,62372828100,4710618470,5424081956,149.1,2.4,54896,4146,8606,8809,9778146083,10008880208,57129028100,50281,3600,8070,21953000000,59,41,13.2,6.23,6.3,433,241,417,46,1,NaN,27.7,0.5,76,1.1,1136,
SXM,NaN,NaN,NaN,1754200000,NaN,NaN,NaN,NaN,41826,NaN,NaN,NaN,NaN,NaN,NaN,NaN,NaN,NaN,NaN,NaN,NaN,1.8,NaN,NaN,8,6,24,4,0.2,NaN,NaN,NaN,,NaN,42,
SYC,13.9,2.4,9135842019,22063764157,1586008997,1395023121,241.5,3.8,228021,16391,27997,28657,2709023535,2772948145,21024078134,217276,15670,27310,8232000000,73,12,13.9,7.96,9.1,23,13,54,7,1,NaN,NaN,0.6,43,NaN,97,
SYR,NaN,2.8,NaN,7216645031727,NaN,NaN,NaN,NaN,425885,NaN,NaN,NaN,NaN,NaN,NaN,NaN,NaN,NaN,NaN,72,18,434,NaN,NaN,5324,3180,7678,763,-1,NaN,0.1,NaN,46,NaN,16945,
TCA,1,NaN,939971536,1022312010,1022312010,NaN,108.8,5.3,27142,27142,26431,27055,995541400,1019033110,990529286,26298,26740,26210,290014173,NaN,NaN,NaN,1,NaN,8,6,22,2,1.5,NaN,NaN,1,7,NaN,38,
TCD,555.4,5.7,5235523873400,6242756000000,11239167048,12568178638,119.2,2.4,403337,726,1576,1614,24397867877,24973582398,6151579807800,397447,680,1590,817977000000,54,71,555.4,249.97,241.9,7294,3166,4633,384,3,NaN,1.3,0.5,77,1.6,15478,
TGO,555.4,4.3,2312173000000,2975163000000,5356344850,5339750595,128.7,4.9,377124,679,1553,1589,12248194527,12537214185,2985963000000,378493,660,1590,733855000000,61,47,555.4,237.31,243,3261,1534,2867,226,2.4,NaN,2.3,0.4,58,2.5,7889,
THA,32.3,1.5,10673744000000,16365572000000,506514103905,442260737640,153.3,4.2,235718,7295,18087,18513,1255719534563,1285350647149,15573705000000,224313,6600,17620,3452209000000,77,8,32.3,12.73,13.1,11863,9448,39855,8263,0.3,0.5,1.1,0.4,50,3.9,69428,
TJK,9.2,3.6,6755737100,68844000000,7522947810,9765396816,1019,7.3,7565,827,3235,3311,29438673829,30133335841,80060331400,8797,1000,3850,21940000000,71,30,9.2,2.28,NaN,3348,1655,3823,275,2.5,NaN,0.2,0.2,73,6.7,9101,
TKL,NaN,NaN,NaN,NaN,NaN,NaN,NaN,NaN,NaN,NaN,NaN,NaN,NaN,NaN,NaN,NaN,NaN,NaN,NaN,NaN,NaN,NaN,NaN,NaN,,,1,,NaN,NaN,NaN,NaN,NaN,NaN,1,
TKM,3.5,2.8,57964688500,142664000000,40761142857,44747368778,246.1,6.2,24383,6967,14845,15196,86858656702,88908253419,136654642400,23356,6740,14560,19596000000,68,37,NaN,1.6,NaN,1803,964,2824,259,1.6,NaN,NaN,0.5,48,0.1,5851,
TLS,1,4,1578139657,1568611562,1568611562,1074779600,99.4,-0.8,1237,1237,3080,3153,3905220416,3997371587,2248579336,1773,1810,4520,1353000000,69,39,1,0.39,0.4,479,274,461,55,2,NaN,0.2,0.4,69,0.1,1268,
TON,2.2,3.6,853937100,987985100,450353314,418457718,115.7,0.3,9574,4364,6267,6415,646725601,661986332,1002960200,9719,4300,6510,426000000,71,14,2.2,1.49,NaN,37,20,40,6,1.2,NaN,NaN,0.7,77,2.2,103,
TTO,6.8,1.7,156010700000,161200200000,23808146748,21071732282,103.3,-0.2,115983,17130,26273,26893,36515611926,37377267876,156667915500,112722,16020,26140,48834000000,73,16,6.8,4.31,4.2,284,176,780,149,0.4,NaN,0.8,0.6,47,NaN,1390,
TUN,2.6,2.2,72978000000,105268000000,39770297329,50983652368,144.2,2.7,9102,3439,10764,11018,124485376099,127422847480,101697500000,8793,3500,10640,32410000000,77,15,2.6,0.83,0.8,2795,1649,6159,962,1.1,NaN,0.1,0.3,31,7.3,11565,
TUR,4.8,2.1,1742022927000,3724387940000,771350331373,1240474470743,213.8,2.8,45243,9370,28299,28139,2329554825518,2316406547956,3666809626000,44544,10420,27700,1300949000000,77,9,4.8,1.61,1.9,20296,13428,41631,6985,1.5,1.4,NaN,0.3,25,11.1,82340,
TUV,1.3,NaN,41000000,57000000,42588165,41842166,139,2.5,4953,3701,3953,4047,45494171,46567694,85802000,7456,5430,6090,76000000,NaN,21,NaN,1.22,NaN,4,2,5,1,1.2,NaN,NaN,0.9,38,NaN,12,
TZA,2263.8,4.9,113532897033400,131301992632500,58001200572,52444869125,115.7,5.4,2401859,1061,2590,2651,141585727442,144926714433,127248306131200,2327706,1020,2570,21424108000000,65,37,2263.8,905.99,762.4,24833,10937,19078,1465,3,NaN,4.9,0.4,66,1.9,56313,
UGA,3658.7,5,115197413128600,119906656212700,32772824209,39775190576,104.1,6.2,2806598,767,2122,2172,90663191956,92802563985,116517055488200,2727259,750,2110,20163592000000,63,35,3727.1,1292.06,1223.2,20053,8862,12985,829,3.7,NaN,5.9,0.4,76,1.7,42729,
UKR,27.2,1.3,2527423000000,3560596000000,130901858422,131291655064,140.9,3.4,84235,3097,12338,12629,521524935598,533831317444,3651663248300,86389,2800,12950,1485435000000,72,7,27.2,6.67,7.6,NaN,NaN,NaN,NaN,-0.5,0.4,1,0.2,31,10.9,NaN,
URY,30.7,2,710585122200,1831132171400,59596885023,50420003958,257.7,1.6,530871,17278,21591,22100,74473240331,76230579377,1704421708400,494136,15910,20570,608377000000,78,7,30.7,24.02,26.1,711,509,1719,511,0.4,0.4,NaN,0.8,5,NaN,3449,
USA,1,1.7,19468792890719,20529049174601,20529049174601,17856476888950,105.4,2.9,62840,62840,61391,62840,20055794215940,20529049174602,20837347000000,63784,63200,63780,7290450000000,79,6,1,1,1,NaN,NaN,NaN,NaN,0.5,NaN,0.4,1,18,NaN,NaN,
UZB,8069.6,2.4,124073925234595,406648500000000,50392607758,78222539795,327.7,5.4,12339097,1529,6755,6915,222634306516,227887790292,418809784611532,12708111,2020,7120,105872520000000,72,17,8069.6,1784.42,NaN,9316,5543,16182,1435,1.7,NaN,0.2,0.2,50,1.9,32476,
VAT,NaN,NaN,NaN,NaN,NaN,NaN,NaN,NaN,NaN,NaN,NaN,NaN,NaN,NaN,NaN,NaN,NaN,NaN,NaN,NaN,NaN,NaN,NaN,NaN,,,,,NaN,NaN,NaN,NaN,NaN,NaN,1,
VCT,2.7,1.9,1816440000,2190510000,811300000,755225041,120.6,2.2,19876,7361,12466,12761,1373923722,1406344090,2168410900,19675,7340,12630,656000000,72,14,2.7,1.56,1.8,25,18,56,11,0.3,NaN,NaN,0.6,48,4.9,110,
VEN,NaN,2.3,NaN,152832299120161000,NaN,NaN,NaN,NaN,5290673134,NaN,NaN,NaN,NaN,NaN,NaN,NaN,NaN,NaN,511925000000,72,21,733576.9,NaN,NaN,7992,4754,14042,2099,-1.8,NaN,0.6,NaN,12,NaN,28887,
VGB,NaN,NaN,NaN,1445732512,NaN,NaN,NaN,NaN,48511,NaN,NaN,NaN,NaN,NaN,NaN,NaN,NaN,NaN,NaN,NaN,NaN,1,NaN,NaN,5,4,18,3,0.8,NaN,NaN,NaN,52,NaN,30,
VIR,1,2.1,NaN,NaN,NaN,NaN,NaN,NaN,NaN,NaN,NaN,NaN,NaN,NaN,NaN,NaN,NaN,NaN,NaN,80,NaN,NaN,NaN,NaN,21,13,50,20,-0.3,NaN,NaN,NaN,4,NaN,105,
VNM,22602,2,3493399000000000,5542332000000000,245213686369,187686812137,158.7,7.1,58010353,2567,7586,7765,724806213668,741909407438,5154552000000000,53951546,2360,7220,1435435000000000,75,16,22602,7470.36,7891.2,22141,14053,52402,6951,1,6.8,0.3,0.3,64,8,95546,
VUT,110.2,3.8,68303000000,99818000000,906050107,837656362,146.1,2.8,341048,3096,3130,3204,916055009,937671086,100758757400,344263,3110,3230,32116000000,70,22,110.2,106.45,117.2,114,53,115,11,2.5,NaN,NaN,1,75,2.2,293,
WLF,NaN,NaN,NaN,NaN,NaN,NaN,NaN,NaN,NaN,NaN,NaN,NaN,NaN,NaN,NaN,NaN,NaN,NaN,NaN,NaN,NaN,NaN,NaN,NaN,2,2,6,2,NaN,NaN,NaN,NaN,NaN,NaN,12,
WSM,2.6,3.9,1973464000,2105710200,820491817,735260788,106.7,-2.2,10736,4183,6329,6479,1241376299,1270668955,2028718200,10344,4020,6240,644000000,73,13,2.6,1.66,1.9,75,35,77,9,0.4,NaN,NaN,0.6,82,3.9,196,
YEM,493,3.8,227584000000,13602492000000,27591261663,18037087754,5976.9,0.8,477302,968,NaN,NaN,NaN,NaN,13596394368421,477088,940,NaN,1651600000000,66,44,250.2,NaN,NaN,11290,6004,10385,820,2.4,NaN,0.1,NaN,63,0.4,28499,
ZAF,13.2,2.4,3144539000000,4873899000000,368288939768,429511487805,155,0.8,84353,6374,12631,12929,729799815252,747020842636,4719854000000,81687,5750,12520,1617546000000,64,28,13.2,6.52,6.7,16806,9837,28076,3073,1.4,NaN,19.2,0.5,34,8.1,57793,
ZMB,10.5,4.6,139688155300,282423488900,27005238896,29119291926,202.2,4,16276,1556,3522,3605,61104990273,62546879800,278167160900,16031,1460,3550,77251000000,64,43,10.5,4.52,4.4,7797,3605,5586,364,2.9,NaN,11.7,0.4,56,5.4,17352,
ZWE,1,3.6,20114560000,24311560500,24311560500,18854228494,120.9,4.8,1684,1684,3130,3204,45194552300,46261004505,22706648400,1573,1530,2990,7497000000,61,39,NaN,0.53,NaN,6122,2887,5005,424,1.4,NaN,13.1,0.5,68,2.7,14439,
ZZA,NaN,1.5,NaN,NaN,NaN,NaN,NaN,NaN,NaN,NaN,NaN,NaN,NaN,NaN,NaN,NaN,NaN,NaN,NaN,83,NaN,NaN,NaN,NaN,26,20,95,29,1.1,NaN,NaN,NaN,69,NaN,170,
